,date,avgTemp,total_precipitation
0,2022-01-01,11.6,19.3
1,2022-01-02,11.4,1.0
2,2022-01-03,1.4,0.0
3,2022-01-04,-2.7,0.0
4,2022-01-05,3.2,6.1
5,2022-01-06,4.9,0.0
6,2022-01-07,0.7,8.4
7,2022-01-08,-2.5,0.0
8,2022-01-09,1.4,2.8
9,2022-01-10,1.6,0.0
10,2022-01-11,-5.4000006,0.0
11,2022-01-12,-1.8999999,0.0
12,2022-01-13,4.0,0.0
13,2022-01-14,4.8,0.0
14,2022-01-15,-6.7,0.0
15,2022-01-16,-8.0,9.1
16,2022-01-17,3.9,26.9
17,2022-01-18,1.8,0.0
18,2022-01-19,3.2,0.0
19,2022-01-20,5.1,6.4
20,2022-01-21,-6.0,0.0
21,2022-01-22,-5.9,0.0
22,2022-01-23,-0.7,0.3
23,2022-01-24,-0.20000002,0.0
24,2022-01-25,3.5999997,0.0
25,2022-01-26,-2.3,0.0
26,2022-01-27,-4.2,0.0
27,2022-01-28,0.1,2.8
28,2022-01-29,-4.8,12.4
29,2022-01-30,-7.1000004,0.0
30,2022-01-31,-3.4,0.0
31,2022-02-01,-1.7,0.0
32,2022-02-02,2.3,0.0
33,2022-02-03,6.4,10.7
34,2022-02-04,5.8,18.8
35,2022-02-05,-2.8,0.0
36,2022-02-06,-4.8,0.0
37,2022-02-07,0.5,3.8
38,2022-02-08,4.1,2.0
39,2022-02-09,2.8,0.0
40,2022-02-10,6.3,0.0
41,2022-02-11,8.6,0.0
42,2022-02-12,11.8,0.0
43,2022-02-13,2.8,4.8
44,2022-02-14,-4.3,0.0
45,2022-02-15,-4.7,0.0
46,2022-02-16,1.6000001,0.0
47,2022-02-17,11.6,7.6
48,2022-02-18,9.9,6.4
49,2022-02-19,0.1,0.0
50,2022-02-20,-2.6,0.0
51,2022-02-21,4.1,0.0
52,2022-02-22,5.6,5.8
53,2022-02-23,14.4,0.0
54,2022-02-24,1.1,0.0
55,2022-02-25,0.8,20.8
56,2022-02-26,-1.1,0.0
57,2022-02-27,2.4,0.0
58,2022-02-28,0.8,0.0
59,2022-03-01,2.6,0.0
60,2022-03-02,7.7,0.0
61,2022-03-03,5.5999994,0.8
62,2022-03-04,-1.9,0.0
63,2022-03-05,3.1,0.0
64,2022-03-06,9.6,1.3
65,2022-03-07,18.2,1.3
66,2022-03-08,8.7,0.0
67,2022-03-09,3.2,14.7
68,2022-03-10,4.0,0.0
69,2022-03-11,7.2,0.0
70,2022-03-12,5.1,11.9
71,2022-03-13,-2.3,0.0
72,2022-03-14,5.3,0.0
73,2022-03-15,11.6,0.0
74,2022-03-16,13.599999,0.0
75,2022-03-17,8.2,2.8
76,2022-03-18,13.9,0.0
77,2022-03-19,13.1,1.8
78,2022-03-20,14.3,0.0
79,2022-03-21,10.4,0.0
80,2022-03-22,10.7,0.0
81,2022-03-23,7.2,2.8
82,2022-03-24,5.7,25.9
83,2022-03-25,9.6,0.8
84,2022-03-26,10.4,1.0
85,2022-03-27,5.9,0.0
86,2022-03-28,-1.5,0.0
87,2022-03-29,-1.2,0.0
88,2022-03-30,2.6,0.0
89,2022-03-31,9.9,1.3
90,2022-04-01,13.1,6.6
91,2022-04-02,7.2000003,0.0
92,2022-04-03,7.0,2.3
93,2022-04-04,7.6,0.0
94,2022-04-05,9.7,1.5
95,2022-04-06,8.6,9.1
96,2022-04-07,9.1,24.6
97,2022-04-08,12.8,1.0
98,2022-04-09,11.4,0.5
99,2022-04-10,8.6,0.0
100,2022-04-11,8.8,0.0
101,2022-04-12,13.4,1.0
102,2022-04-13,15.399999,0.0
103,2022-04-14,16.3,2.8
104,2022-04-15,15.699999,0.0
105,2022-04-16,15.700001,3.6
106,2022-04-17,8.3,0.0
107,2022-04-18,7.9,23.4
108,2022-04-19,7.6,29.0
109,2022-04-20,9.4,0.0
110,2022-04-21,10.6,0.0
111,2022-04-22,14.599999,0.0
112,2022-04-23,13.3,0.0
113,2022-04-24,12.800001,0.0
114,2022-04-25,10.4,0.0
115,2022-04-26,11.5,1.3
116,2022-04-27,11.6,0.0
117,2022-04-28,8.2,0.0
118,2022-04-29,10.4,0.0
119,2022-04-30,12.9,0.0
120,2022-05-01,13.6,0.0
121,2022-05-02,12.1,8.9
122,2022-05-03,12.400001,0.0
123,2022-05-04,12.0,3.0
124,2022-05-05,17.2,0.0
125,2022-05-06,14.8,18.8
126,2022-05-07,10.0,26.9
127,2022-05-08,10.4,0.5
128,2022-05-09,13.5,0.0
129,2022-05-10,15.4,0.0
130,2022-05-11,16.1,0.0
131,2022-05-12,17.1,0.0
132,2022-05-13,16.0,0.0
133,2022-05-14,17.9,7.1
134,2022-05-15,18.8,0.5
135,2022-05-16,20.4,11.9
136,2022-05-17,19.7,0.0
137,2022-05-18,17.8,0.0
138,2022-05-19,15.5,18.3
139,2022-05-20,15.400001,11.2
140,2022-05-21,21.2,0.0
141,2022-05-22,27.799997,0.0
142,2022-05-23,21.0,0.0
143,2022-05-24,17.4,0.0
144,2022-05-25,16.2,0.0
145,2022-05-26,16.4,0.0
146,2022-05-27,20.2,4.1
147,2022-05-28,20.4,6.9
148,2022-05-29,20.7,0.0
149,2022-05-30,23.3,0.0
150,2022-05-31,28.3,0.0
151,2022-06-01,17.8,21.3
152,2022-06-02,20.3,13.2
153,2022-06-03,19.5,0.0
154,2022-06-04,21.9,0.0
155,2022-06-05,20.0,0.0
156,2022-06-06,22.2,0.0
157,2022-06-07,21.799997,1.3
158,2022-06-08,23.7,0.0
159,2022-06-09,24.4,17.8
160,2022-06-10,21.8,0.0
161,2022-06-11,21.8,5.8
162,2022-06-12,20.5,2.0
163,2022-06-13,24.2,0.0
164,2022-06-14,23.9,0.0
165,2022-06-15,23.3,0.0
166,2022-06-16,20.3,7.1
167,2022-06-17,25.2,0.0
168,2022-06-18,21.7,0.0
169,2022-06-19,17.3,0.0
170,2022-06-20,20.5,0.0
171,2022-06-21,22.1,2.3
172,2022-06-22,19.1,2.5
173,2022-06-23,19.2,0.0
174,2022-06-24,21.9,0.0
175,2022-06-25,25.8,0.0
176,2022-06-26,27.0,0.0
177,2022-06-27,24.3,12.2
178,2022-06-28,22.4,0.0
179,2022-06-29,23.9,0.0
180,2022-06-30,25.4,0.0
181,2022-07-01,28.1,0.0
182,2022-07-02,28.7,0.0
183,2022-07-03,26.9,0.0
184,2022-07-04,25.6,0.0
185,2022-07-05,25.899998,2.0
186,2022-07-06,26.0,0.0
187,2022-07-07,24.2,0.0
188,2022-07-08,23.5,7.4
189,2022-07-09,24.7,0.0
190,2022-07-10,23.4,0.0
191,2022-07-11,24.0,0.0
192,2022-07-12,25.8,0.0
193,2022-07-13,28.9,0.0
194,2022-07-14,26.6,0.0
195,2022-07-15,26.1,0.0
196,2022-07-16,24.3,14.0
197,2022-07-17,25.700003,0.0
198,2022-07-18,26.199999,8.6
199,2022-07-19,28.2,0.0
200,2022-07-20,31.3,0.0
201,2022-07-21,29.8,14.5
202,2022-07-22,30.899998,0.0
203,2022-07-23,30.3,0.0
204,2022-07-24,31.1,0.0
205,2022-07-25,29.8,19.3
206,2022-07-26,25.9,0.0
207,2022-07-27,25.5,0.0
208,2022-07-28,26.7,2.0
209,2022-07-29,28.2,0.5
210,2022-07-30,26.7,0.0
211,2022-07-31,26.3,0.0
212,2022-08-01,23.1,10.4
213,2022-08-02,26.4,0.0
214,2022-08-03,27.6,0.0
215,2022-08-04,29.1,0.0
216,2022-08-05,29.3,0.0
217,2022-08-06,29.6,0.0
218,2022-08-07,29.6,15.5
219,2022-08-08,30.3,0.0
220,2022-08-09,31.3,1.3
221,2022-08-10,27.2,0.0
222,2022-08-11,26.6,3.3
223,2022-08-12,25.6,0.0
224,2022-08-13,23.1,0.0
225,2022-08-14,24.0,0.0
226,2022-08-15,24.3,0.0
227,2022-08-16,23.6,0.0
228,2022-08-17,23.6,7.9
229,2022-08-18,24.1,0.0
230,2022-08-19,26.3,0.0
231,2022-08-20,27.9,0.0
232,2022-08-21,25.3,0.0
233,2022-08-22,24.5,6.1
234,2022-08-23,25.9,0.0
235,2022-08-24,26.9,0.0
236,2022-08-25,28.1,0.0
237,2022-08-26,27.4,7.1
238,2022-08-27,27.8,0.0
239,2022-08-28,24.6,0.0
240,2022-08-29,26.0,0.0
241,2022-08-30,26.8,1.0
242,2022-08-31,25.6,0.0
243,2022-09-01,25.9,0.0
244,2022-09-02,21.7,0.0
245,2022-09-03,22.8,0.0
246,2022-09-04,25.3,0.0
247,2022-09-05,25.8,0.3
248,2022-09-06,23.3,29.5
249,2022-09-07,20.8,0.0
250,2022-09-08,21.8,0.0
251,2022-09-09,21.9,0.0
252,2022-09-10,23.6,0.0
253,2022-09-11,23.2,6.9
254,2022-09-12,22.4,23.6
255,2022-09-13,24.7,42.9
256,2022-09-14,22.9,0.0
257,2022-09-15,21.8,0.0
258,2022-09-16,19.6,0.0
259,2022-09-17,20.8,0.0
260,2022-09-18,23.4,0.0
261,2022-09-19,25.6,1.8
262,2022-09-20,23.2,0.0
263,2022-09-21,22.0,0.0
264,2022-09-22,21.8,4.3
265,2022-09-23,15.1,0.0
266,2022-09-24,14.5,0.0
267,2022-09-25,19.2,19.8
268,2022-09-26,19.4,0.0
269,2022-09-27,19.7,0.0
270,2022-09-28,17.2,0.0
271,2022-09-29,16.6,0.0
272,2022-09-30,14.5,0.0
273,2022-10-01,14.8,16.8
274,2022-10-02,15.2,1.8
275,2022-10-03,11.5,11.4
276,2022-10-04,10.3,45.0
277,2022-10-05,13.8,10.7
278,2022-10-06,17.6,0.0
279,2022-10-07,20.3,0.0
280,2022-10-08,13.9,0.5
281,2022-10-09,12.3,0.0
282,2022-10-10,15.8,0.0
283,2022-10-11,17.0,0.0
284,2022-10-12,17.9,0.0
285,2022-10-13,18.7,19.8
286,2022-10-14,15.7,5.1
287,2022-10-15,16.2,0.0
288,2022-10-16,16.1,0.0
289,2022-10-17,16.6,3.3
290,2022-10-18,12.6,0.0
291,2022-10-19,10.0,0.0
292,2022-10-20,11.1,0.0
293,2022-10-21,13.399999,0.0
294,2022-10-22,14.4,0.0
295,2022-10-23,14.7,0.0
296,2022-10-24,14.1,11.7
297,2022-10-25,16.9,0.3
298,2022-10-26,18.3,0.0
299,2022-10-27,16.9,0.0
300,2022-10-28,11.300001,0.0
301,2022-10-29,10.8,0.0
302,2022-10-30,12.5,0.0
303,2022-10-31,14.4,1.8
304,2022-11-01,16.9,4.1
305,2022-11-02,17.6,0.0
306,2022-11-03,15.7,0.0
307,2022-11-04,15.2,0.0
308,2022-11-05,19.4,0.0
309,2022-11-06,19.8,0.3
310,2022-11-07,21.3,0.5
311,2022-11-08,13.2,0.0
312,2022-11-09,8.7,0.0
313,2022-11-10,12.6,0.0
314,2022-11-11,16.4,31.2
315,2022-11-12,19.7,2.3
316,2022-11-13,12.9,0.5
317,2022-11-14,6.3,0.0
318,2022-11-15,4.9,12.4
319,2022-11-16,7.3,5.1
320,2022-11-17,5.7,0.0
321,2022-11-18,4.5,0.0
322,2022-11-19,2.8,0.0
323,2022-11-20,2.7,0.0
324,2022-11-21,1.1,0.0
325,2022-11-22,6.6,0.0
326,2022-11-23,9.4,0.0
327,2022-11-24,8.1,0.0
328,2022-11-25,10.0,0.0
329,2022-11-26,9.3,0.0
330,2022-11-27,10.7,13.7
331,2022-11-28,12.2,0.0
332,2022-11-29,5.4,0.0
333,2022-11-30,8.4,10.9
334,2022-12-01,5.7,0.0
335,2022-12-02,3.4,0.0
336,2022-12-03,10.6,10.4
337,2022-12-04,7.0,0.0
338,2022-12-05,5.4,0.0
339,2022-12-06,9.3,19.8
340,2022-12-07,13.8,9.1
341,2022-12-08,11.6,0.0
342,2022-12-09,5.3,0.0
343,2022-12-10,2.2,0.0
344,2022-12-11,3.4,6.4
345,2022-12-12,1.6,0.0
346,2022-12-13,0.3,0.0
347,2022-12-14,1.7,0.0
348,2022-12-15,2.7,15.0
349,2022-12-16,6.2,13.7
350,2022-12-17,5.0,0.0
351,2022-12-18,3.1,0.0
352,2022-12-19,1.7,0.0
353,2022-12-20,1.9,0.0
354,2022-12-21,1.0,0.0
355,2022-12-22,3.8,5.3
356,2022-12-23,7.5,24.1
357,2022-12-24,-11.699999,0.0
358,2022-12-25,-6.9,0.0
359,2022-12-26,-4.7,0.0
360,2022-12-27,-0.7,0.0
361,2022-12-28,3.3999999,0.0
362,2022-12-29,6.4,0.0
363,2022-12-30,9.3,0.0
