,date,bike_rides_daily
0,2022-01-01,20428
1,2022-01-02,43009
2,2022-01-03,33189
3,2022-01-04,36842
4,2022-01-05,34230
5,2022-01-06,44787
6,2022-01-07,17401
7,2022-01-08,24455
8,2022-01-09,21479
9,2022-01-10,34727
10,2022-01-11,26824
11,2022-01-12,40568
12,2022-01-13,50572
13,2022-01-14,45714
14,2022-01-15,22839
15,2022-01-16,20930
16,2022-01-17,29084
17,2022-01-18,42935
18,2022-01-19,54011
19,2022-01-20,33928
20,2022-01-21,33598
21,2022-01-22,31969
22,2022-01-23,32967
23,2022-01-24,41488
24,2022-01-25,50692
25,2022-01-26,42005
26,2022-01-27,43830
27,2022-01-28,34871
28,2022-01-29,2848
29,2022-01-30,9486
30,2022-01-31,22349
31,2022-02-01,29338
32,2022-02-02,41947
33,2022-02-03,26568
34,2022-02-04,20309
35,2022-02-05,29638
36,2022-02-06,28887
37,2022-02-07,30717
38,2022-02-08,51893
39,2022-02-09,56007
40,2022-02-10,61937
41,2022-02-11,64614
42,2022-02-12,68575
43,2022-02-13,20384
44,2022-02-14,34198
45,2022-02-15,40550
46,2022-02-16,53683
47,2022-02-17,67432
48,2022-02-18,47038
49,2022-02-19,32450
50,2022-02-20,31051
51,2022-02-21,52366
52,2022-02-22,36459
53,2022-02-23,66325
54,2022-02-24,44725
55,2022-02-25,30412
56,2022-02-26,41415
57,2022-02-27,42805
58,2022-02-28,45636
59,2022-03-01,56019
60,2022-03-02,67108
61,2022-03-03,55408
62,2022-03-04,49704
63,2022-03-05,51358
64,2022-03-06,54531
65,2022-03-07,67882
66,2022-03-08,62178
67,2022-03-09,28088
68,2022-03-10,66071
69,2022-03-11,69316
70,2022-03-12,19628
71,2022-03-13,30833
72,2022-03-14,63206
73,2022-03-15,78946
74,2022-03-16,81449
75,2022-03-17,50004
76,2022-03-18,92837
77,2022-03-19,77861
78,2022-03-20,65417
79,2022-03-21,73209
80,2022-03-22,75235
81,2022-03-23,60865
82,2022-03-24,45793
83,2022-03-25,74873
84,2022-03-26,62151
85,2022-03-27,45625
86,2022-03-28,38135
87,2022-03-29,48426
88,2022-03-30,61254
89,2022-03-31,72625
90,2022-04-01,68479
91,2022-04-02,73254
92,2022-04-03,37164
93,2022-04-04,68902
94,2022-04-05,72629
95,2022-04-06,48443
96,2022-04-07,35322
97,2022-04-08,88195
98,2022-04-09,67329
99,2022-04-10,57144
100,2022-04-11,75355
101,2022-04-12,93575
102,2022-04-13,98764
103,2022-04-14,90635
104,2022-04-15,99636
105,2022-04-16,82188
106,2022-04-17,54110
107,2022-04-18,55811
108,2022-04-19,58873
109,2022-04-20,85294
110,2022-04-21,77520
111,2022-04-22,97494
112,2022-04-23,94585
113,2022-04-24,83406
114,2022-04-25,72682
115,2022-04-26,74947
116,2022-04-27,82446
117,2022-04-28,78531
118,2022-04-29,87089
119,2022-04-30,101537
120,2022-05-01,94657
121,2022-05-02,54536
122,2022-05-03,92564
123,2022-05-04,79594
124,2022-05-05,110355
125,2022-05-06,35170
126,2022-05-07,20557
127,2022-05-08,62745
128,2022-05-09,93995
129,2022-05-10,104600
130,2022-05-11,107079
131,2022-05-12,110862
132,2022-05-13,95861
133,2022-05-14,79812
134,2022-05-15,108477
135,2022-05-16,79295
136,2022-05-17,117412
137,2022-05-18,117596
138,2022-05-19,90207
139,2022-05-20,85189
140,2022-05-21,115215
141,2022-05-22,103604
142,2022-05-23,101563
143,2022-05-24,104949
144,2022-05-25,114182
145,2022-05-26,111106
146,2022-05-27,89185
147,2022-05-28,82607
148,2022-05-29,101235
149,2022-05-30,100732
150,2022-05-31,100360
151,2022-06-01,88070
152,2022-06-02,98712
153,2022-06-03,120876
154,2022-06-04,127507
155,2022-06-05,115902
156,2022-06-06,110255
157,2022-06-07,103639
158,2022-06-08,123906
159,2022-06-09,115009
160,2022-06-10,122508
161,2022-06-11,115603
162,2022-06-12,90287
163,2022-06-13,111525
164,2022-06-14,123640
165,2022-06-15,127915
166,2022-06-16,102031
167,2022-06-17,119656
168,2022-06-18,108577
169,2022-06-19,105636
170,2022-06-20,114193
171,2022-06-21,99400
172,2022-06-22,94428
173,2022-06-23,117321
174,2022-06-24,124257
175,2022-06-25,118493
176,2022-06-26,106089
177,2022-06-27,79616
178,2022-06-28,121346
179,2022-06-29,121539
180,2022-06-30,116209
181,2022-07-01,103432
182,2022-07-02,88943
183,2022-07-03,89364
184,2022-07-04,94692
185,2022-07-05,88946
186,2022-07-06,112874
187,2022-07-07,114752
188,2022-07-08,98312
189,2022-07-09,123237
190,2022-07-10,115594
191,2022-07-11,111362
192,2022-07-12,111767
193,2022-07-13,120853
194,2022-07-14,120450
195,2022-07-15,119355
196,2022-07-16,111650
197,2022-07-17,111004
198,2022-07-18,83439
199,2022-07-19,119752
200,2022-07-20,117760
201,2022-07-21,109101
202,2022-07-22,111786
203,2022-07-23,107728
204,2022-07-24,99639
205,2022-07-25,96351
206,2022-07-26,122455
207,2022-07-27,125081
208,2022-07-28,117505
209,2022-07-29,114611
210,2022-07-30,123256
211,2022-07-31,112671
212,2022-08-01,98167
213,2022-08-02,120945
214,2022-08-03,124946
215,2022-08-04,118082
216,2022-08-05,114401
217,2022-08-06,123062
218,2022-08-07,95005
219,2022-08-08,104188
220,2022-08-09,109152
221,2022-08-10,123692
222,2022-08-11,114225
223,2022-08-12,122804
224,2022-08-13,132252
225,2022-08-14,111858
226,2022-08-15,111846
227,2022-08-16,122538
228,2022-08-17,120504
229,2022-08-18,121945
230,2022-08-19,120752
231,2022-08-20,128688
232,2022-08-21,110432
233,2022-08-22,85908
234,2022-08-23,118449
235,2022-08-24,122883
236,2022-08-25,120158
237,2022-08-26,108773
238,2022-08-27,117835
239,2022-08-28,107815
240,2022-08-29,108140
241,2022-08-30,113460
242,2022-08-31,123277
243,2022-09-01,121537
244,2022-09-02,116500
245,2022-09-03,107735
246,2022-09-04,99471
247,2022-09-05,93932
248,2022-09-06,40735
249,2022-09-07,112912
250,2022-09-08,134611
251,2022-09-09,133707
252,2022-09-10,134650
253,2022-09-11,67771
254,2022-09-12,115155
255,2022-09-13,122436
256,2022-09-14,135072
257,2022-09-15,132381
258,2022-09-16,131682
259,2022-09-17,130502
260,2022-09-18,116749
261,2022-09-19,102898
262,2022-09-20,130001
263,2022-09-21,133613
264,2022-09-22,102216
265,2022-09-23,113272
266,2022-09-24,113146
267,2022-09-25,86810
268,2022-09-26,105459
269,2022-09-27,116586
270,2022-09-28,123677
271,2022-09-29,121411
272,2022-09-30,115282
273,2022-10-01,59778
274,2022-10-02,51635
275,2022-10-03,49566
276,2022-10-04,51994
277,2022-10-05,69309
278,2022-10-06,123901
279,2022-10-07,123619
280,2022-10-08,100747
281,2022-10-09,93815
282,2022-10-10,96125
283,2022-10-11,112059
284,2022-10-12,118695
285,2022-10-13,73732
286,2022-10-14,114921
287,2022-10-15,118062
288,2022-10-16,101163
289,2022-10-17,88784
290,2022-10-18,101005
291,2022-10-19,99852
292,2022-10-20,104413
293,2022-10-21,108664
294,2022-10-22,111348
295,2022-10-23,66604
296,2022-10-24,66311
297,2022-10-25,98171
298,2022-10-26,112685
299,2022-10-27,115653
300,2022-10-28,106226
301,2022-10-29,105008
302,2022-10-30,95656
303,2022-10-31,96458
304,2022-11-01,103775
305,2022-11-02,117444
306,2022-11-03,116776
307,2022-11-04,118788
308,2022-11-05,122101
309,2022-11-06,103297
310,2022-11-07,107226
311,2022-11-08,96598
312,2022-11-09,95500
313,2022-11-10,109046
314,2022-11-11,54871
315,2022-11-12,113802
316,2022-11-13,69264
317,2022-11-14,73998
318,2022-11-15,64512
319,2022-11-16,76960
320,2022-11-17,78388
321,2022-11-18,73521
322,2022-11-19,59493
323,2022-11-20,45018
324,2022-11-21,59696
325,2022-11-22,74006
326,2022-11-23,73869
327,2022-11-24,37888
328,2022-11-25,43128
329,2022-11-26,59617
330,2022-11-27,34622
331,2022-11-28,73068
332,2022-11-29,75411
333,2022-11-30,54667
334,2022-12-01,73173
335,2022-12-02,74951
336,2022-12-03,45429
337,2022-12-04,62606
338,2022-12-05,73891
339,2022-12-06,52639
340,2022-12-07,74044
341,2022-12-08,89347
342,2022-12-09,76825
343,2022-12-10,63441
344,2022-12-11,32718
345,2022-12-12,59960
346,2022-12-13,65507
347,2022-12-14,67388
348,2022-12-15,44106
349,2022-12-16,28414
350,2022-12-17,59369
351,2022-12-18,48245
352,2022-12-19,54328
353,2022-12-20,58639
354,2022-12-21,59180
355,2022-12-22,39131
356,2022-12-23,26043
357,2022-12-24,11542
358,2022-12-25,9164
359,2022-12-26,19221
360,2022-12-27,33044
361,2022-12-28,44027
362,2022-12-29,51674
363,2022-12-30,62298
